Image Name,Cluster Label
00000000.bmp,1
00000001.bmp,1
00000002.bmp,1
00000003.bmp,1
00000004.bmp,2
00000005.bmp,1
00000006.bmp,1
00000007.bmp,1
00000008.bmp,1
00000009.bmp,1
00000010.bmp,2
00000011.bmp,2
00000012.bmp,2
00000013.bmp,1
00000014.bmp,1
00000015.bmp,1
00001000.bmp,1
00001001.bmp,1
00001002.bmp,1
00001003.bmp,1
00001004.bmp,1
00001005.bmp,1
00001006.bmp,1
00001007.bmp,1
00001008.bmp,2
00001009.bmp,2
00001010.bmp,1
00001011.bmp,1
00001012.bmp,1
00001013.bmp,1
00001014.bmp,1
00001015.bmp,1
00002000.bmp,1
00002001.bmp,1
00002002.bmp,1
00002003.bmp,1
00002004.bmp,1
00002005.bmp,1
00002006.bmp,1
00002007.bmp,1
00002008.bmp,1
00002009.bmp,1
00002010.bmp,1
00002011.bmp,1
00002012.bmp,1
00002013.bmp,1
00002014.bmp,1
00002015.bmp,1
00003000.bmp,2
00003001.bmp,1
00003002.bmp,2
00003003.bmp,2
00003004.bmp,1
00003005.bmp,1
00003006.bmp,1
00003007.bmp,1
00003008.bmp,1
00003009.bmp,2
00003010.bmp,1
00003011.bmp,1
00003012.bmp,1
00003013.bmp,1
00003014.bmp,1
00003015.bmp,1
00004000.bmp,1
00004001.bmp,1
00004002.bmp,0
00004003.bmp,0
00004004.bmp,0
00004005.bmp,0
00004006.bmp,0
00004007.bmp,0
00004008.bmp,1
00004009.bmp,1
00004010.bmp,1
00004011.bmp,1
00004012.bmp,1
00004013.bmp,2
00004014.bmp,2
00004015.bmp,2
00005000.bmp,2
00005001.bmp,2
00005002.bmp,1
00005003.bmp,1
00005004.bmp,1
00005005.bmp,1
00005006.bmp,1
00005007.bmp,1
00005008.bmp,1
00005009.bmp,1
00005010.bmp,1
00005011.bmp,1
00005012.bmp,1
00005013.bmp,1
00005014.bmp,1
00005015.bmp,1
00006000.bmp,1
00006001.bmp,1
00006002.bmp,1
00006003.bmp,1
00006004.bmp,1
00006005.bmp,1
00006006.bmp,1
00006007.bmp,1
00006008.bmp,1
00006009.bmp,0
00006010.bmp,0
00006011.bmp,0
00006012.bmp,1
00006013.bmp,0
00006014.bmp,1
00006015.bmp,1
00007000.bmp,1
00007001.bmp,2
00007002.bmp,2
00007003.bmp,3
00007004.bmp,3
00007005.bmp,0
00007006.bmp,0
00007007.bmp,2
00007008.bmp,1
00007009.bmp,1
00007010.bmp,1
00007011.bmp,0
00007012.bmp,0
00007013.bmp,1
00007014.bmp,0
00007015.bmp,1
01000000.bmp,1
01000001.bmp,1
01000002.bmp,1
01000003.bmp,1
01000004.bmp,1
01000005.bmp,0
01000006.bmp,1
01000007.bmp,1
01000008.bmp,1
01000009.bmp,1
01000010.bmp,1
01000011.bmp,1
01000012.bmp,1
01000013.bmp,1
01000014.bmp,1
01000015.bmp,1
01001000.bmp,1
01001001.bmp,1
01001002.bmp,1
01001003.bmp,1
01001004.bmp,1
01001005.bmp,2
01001006.bmp,2
01001007.bmp,2
01001008.bmp,2
01001009.bmp,1
01001010.bmp,1
01001011.bmp,1
01001012.bmp,1
01001013.bmp,2
01001014.bmp,2
01001015.bmp,1
01002000.bmp,1
01002001.bmp,2
01002002.bmp,1
01002003.bmp,2
01002004.bmp,1
01002005.bmp,1
01002006.bmp,1
01002007.bmp,2
01002008.bmp,1
01002009.bmp,1
01002010.bmp,2
01002011.bmp,1
01002012.bmp,3
01002013.bmp,2
01002014.bmp,2
01002015.bmp,1
01003000.bmp,1
01003001.bmp,1
01003002.bmp,1
01003003.bmp,2
01003004.bmp,1
01003005.bmp,1
01003006.bmp,1
01003007.bmp,1
01003008.bmp,1
01003009.bmp,1
01003010.bmp,1
01003011.bmp,2
01003012.bmp,2
01003013.bmp,1
01003014.bmp,2
01003015.bmp,2
01004000.bmp,1
01004001.bmp,2
01004002.bmp,2
01004003.bmp,2
01004004.bmp,2
01004005.bmp,2
01004006.bmp,2
01004007.bmp,2
01004008.bmp,2
01004009.bmp,2
01004010.bmp,2
01004011.bmp,2
01004012.bmp,2
01004013.bmp,2
01004014.bmp,2
01004015.bmp,2
01005000.bmp,2
01005001.bmp,2
01005002.bmp,2
01005003.bmp,0
01005004.bmp,2
01005005.bmp,2
01005006.bmp,0
01005007.bmp,2
01005008.bmp,2
01005009.bmp,1
01005010.bmp,2
01005011.bmp,0
01005012.bmp,2
01005013.bmp,2
01005014.bmp,2
01005015.bmp,2
01006000.bmp,2
01006001.bmp,2
01006002.bmp,2
01006003.bmp,2
01006004.bmp,1
01006005.bmp,1
01006006.bmp,0
01006007.bmp,0
01006008.bmp,0
01006009.bmp,0
01006010.bmp,0
01006011.bmp,0
01006012.bmp,2
01006013.bmp,0
01006014.bmp,0
01006015.bmp,0
02000000.bmp,0
02000001.bmp,0
02000002.bmp,0
02000003.bmp,0
02000004.bmp,0
02000005.bmp,0
02000006.bmp,0
02000007.bmp,0
02000008.bmp,0
02000009.bmp,0
02000010.bmp,0
02000011.bmp,2
02000012.bmp,0
02000013.bmp,0
02000014.bmp,0
02000015.bmp,0
02001000.bmp,0
02001001.bmp,0
02001002.bmp,0
02001003.bmp,0
02001004.bmp,0
02001005.bmp,0
02001006.bmp,0
02001007.bmp,0
02001008.bmp,0
02001009.bmp,0
02001010.bmp,1
02001011.bmp,1
02001012.bmp,2
02001013.bmp,2
02001014.bmp,2
02001015.bmp,1
02002000.bmp,1
02002001.bmp,1
02002002.bmp,1
02002003.bmp,1
02002004.bmp,1
02002005.bmp,1
02002006.bmp,0
02002007.bmp,1
02002008.bmp,1
02002009.bmp,1
02002010.bmp,1
02002011.bmp,0
02002012.bmp,2
02002013.bmp,2
02002014.bmp,2
02002015.bmp,1
02003000.bmp,1
02003001.bmp,0
02003002.bmp,1
02003003.bmp,1
02003004.bmp,1
02003005.bmp,1
02003006.bmp,2
02003007.bmp,2
02003008.bmp,2
02003009.bmp,2
02003010.bmp,2
02003011.bmp,0
02003012.bmp,0
02003013.bmp,1
02003014.bmp,1
02003015.bmp,0
02004000.bmp,0
02004001.bmp,1
02004002.bmp,0
02004003.bmp,0
02004004.bmp,2
02004005.bmp,2
02004006.bmp,1
02004007.bmp,1
02004008.bmp,1
02004009.bmp,1
02004010.bmp,1
02004011.bmp,1
02004012.bmp,1
02004013.bmp,1
02004014.bmp,1
02004015.bmp,1
02005000.bmp,0
02005001.bmp,1
02005002.bmp,1
02005003.bmp,1
02005004.bmp,1
02005005.bmp,1
02005006.bmp,2
02005007.bmp,2
02005008.bmp,2
02005009.bmp,2
02005010.bmp,2
02005011.bmp,2
02005012.bmp,2
02005013.bmp,1
02005014.bmp,1
02005015.bmp,3
02006000.bmp,1
02006001.bmp,1
02006002.bmp,1
02006003.bmp,1
02006004.bmp,1
02006005.bmp,1
02006006.bmp,1
02006007.bmp,1
02006008.bmp,1
02006009.bmp,1
02006010.bmp,1
02006011.bmp,1
02006012.bmp,1
02006013.bmp,0
02006014.bmp,1
02006015.bmp,1
02007000.bmp,1
02007001.bmp,1
02007002.bmp,3
02007003.bmp,1
02007004.bmp,1
02007005.bmp,1
02007006.bmp,0
02007007.bmp,1
02007008.bmp,1
02007009.bmp,1
02007010.bmp,1
02007011.bmp,3
02007012.bmp,3
02007013.bmp,1
02007014.bmp,1
02007015.bmp,0
03000000.bmp,1
03000001.bmp,1
03000002.bmp,1
03000003.bmp,1
03000004.bmp,1
03000005.bmp,1
03000006.bmp,1
03000007.bmp,1
03000008.bmp,0
03000009.bmp,1
03000010.bmp,1
03000011.bmp,1
03000012.bmp,0
03000013.bmp,0
03000014.bmp,1
03000015.bmp,1
03001000.bmp,1
03001001.bmp,1
03001002.bmp,1
03001003.bmp,0
03001004.bmp,1
03001005.bmp,1
03001006.bmp,1
03001007.bmp,1
03001008.bmp,0
03001009.bmp,1
03001010.bmp,1
03001011.bmp,1
03001012.bmp,1
03001013.bmp,1
03001014.bmp,1
03001015.bmp,0
03002000.bmp,1
03002001.bmp,1
03002002.bmp,0
03002003.bmp,1
03002004.bmp,1
03002005.bmp,1
03002006.bmp,1
03002007.bmp,1
03002008.bmp,1
03002009.bmp,1
03002010.bmp,1
03002011.bmp,1
03002012.bmp,1
03002013.bmp,1
03002014.bmp,1
03002015.bmp,0
03003000.bmp,1
03003001.bmp,1
03003002.bmp,1
03003003.bmp,1
03003004.bmp,1
03003005.bmp,1
03003006.bmp,1
03003007.bmp,2
03003008.bmp,1
03003009.bmp,1
03003010.bmp,1
03003011.bmp,0
03003012.bmp,1
03003013.bmp,1
03003014.bmp,1
03003015.bmp,1
03004000.bmp,1
03004001.bmp,0
03004002.bmp,1
03004003.bmp,1
03004004.bmp,1
03004005.bmp,1
03004006.bmp,1
03004007.bmp,1
03004008.bmp,1
03004009.bmp,3
03004010.bmp,0
03004011.bmp,1
03004012.bmp,1
03004013.bmp,1
03004014.bmp,3
03004015.bmp,0
03005000.bmp,0
03005001.bmp,3
03005002.bmp,3
03005003.bmp,3
03005004.bmp,1
03005005.bmp,0
03005006.bmp,0
03005007.bmp,0
03005008.bmp,0
03005009.bmp,0
03005010.bmp,0
03005011.bmp,1
03005012.bmp,1
03005013.bmp,0
03005014.bmp,0
03005015.bmp,0
03006000.bmp,0
03006001.bmp,1
03006002.bmp,1
03006003.bmp,1
03006004.bmp,1
03006005.bmp,1
03006006.bmp,1
03006007.bmp,1
03006008.bmp,0
03006009.bmp,0
03006010.bmp,0
03006011.bmp,0
03006012.bmp,0
03006013.bmp,0
03006014.bmp,0
03006015.bmp,0
03007000.bmp,0
03007001.bmp,0
03007002.bmp,0
03007003.bmp,0
03007004.bmp,0
03007005.bmp,0
03007006.bmp,0
03007007.bmp,0
03007008.bmp,0
03007009.bmp,0
03007010.bmp,0
03007011.bmp,0
03007012.bmp,0
03007013.bmp,0
03007014.bmp,0
03007015.bmp,0
04000000.bmp,0
04000001.bmp,0
04000002.bmp,0
04000003.bmp,0
04000004.bmp,0
04000005.bmp,0
04000006.bmp,0
04000007.bmp,0
04000008.bmp,0
04000009.bmp,0
04000010.bmp,0
04000011.bmp,0
04000012.bmp,0
04000013.bmp,0
04000014.bmp,0
04000015.bmp,0
04001000.bmp,0
04001001.bmp,2
04001002.bmp,0
04001003.bmp,0
04001004.bmp,0
04001005.bmp,0
04001006.bmp,0
04001007.bmp,1
04001008.bmp,0
04001009.bmp,0
04001010.bmp,0
04001011.bmp,0
04001012.bmp,0
04001013.bmp,0
04001014.bmp,0
04001015.bmp,0
04002000.bmp,0
04002001.bmp,0
04002002.bmp,0
04002003.bmp,1
04002004.bmp,1
04002005.bmp,0
04002006.bmp,0
04002007.bmp,0
04002008.bmp,0
04002009.bmp,0
04002010.bmp,3
04002011.bmp,2
04002012.bmp,0
04002013.bmp,0
04002014.bmp,0
04002015.bmp,0
04003000.bmp,0
04003001.bmp,0
04003002.bmp,2
04003003.bmp,2
04003004.bmp,0
04003005.bmp,0
04003006.bmp,0
04003007.bmp,0
04003008.bmp,0
04003009.bmp,1
04003010.bmp,2
04003011.bmp,0
04003012.bmp,0
04003013.bmp,0
04003014.bmp,0
04003015.bmp,2
05000000.bmp,1
05000001.bmp,2
05000002.bmp,2
05000003.bmp,2
05000004.bmp,2
05000005.bmp,1
05000006.bmp,0
05000007.bmp,0
05000008.bmp,3
05000009.bmp,3
05000010.bmp,3
05000011.bmp,3
05000012.bmp,3
05000013.bmp,3
05000014.bmp,1
05000015.bmp,3
05001000.bmp,2
05001001.bmp,3
05001002.bmp,3
05001003.bmp,2
05001004.bmp,1
05001005.bmp,1
05001006.bmp,0
05001007.bmp,0
05001008.bmp,0
05001009.bmp,0
05001010.bmp,0
05001011.bmp,0
05001012.bmp,2
05001013.bmp,2
05001014.bmp,2
05001015.bmp,0
05002000.bmp,0
05002001.bmp,0
05002002.bmp,0
05002003.bmp,0
05002004.bmp,0
05002005.bmp,0
05002006.bmp,1
05002007.bmp,1
05002008.bmp,1
05002009.bmp,0
05002010.bmp,0
05002011.bmp,0
05002012.bmp,0
05002013.bmp,0
05002014.bmp,0
05002015.bmp,1
05003000.bmp,0
05003001.bmp,0
05003002.bmp,1
05003003.bmp,0
05003004.bmp,0
05003005.bmp,1
05003006.bmp,1
05003007.bmp,0
05003008.bmp,0
05003009.bmp,0
05003010.bmp,0
05003011.bmp,0
05003012.bmp,0
05003013.bmp,0
05003014.bmp,2
05003015.bmp,0
05004000.bmp,3
05004001.bmp,3
05004002.bmp,0
05004003.bmp,0
05004004.bmp,0
05004005.bmp,0
05004006.bmp,3
05004007.bmp,1
05004008.bmp,1
05004009.bmp,1
05004010.bmp,1
05004011.bmp,1
05004012.bmp,1
05004013.bmp,1
05004014.bmp,1
05004015.bmp,1
05005000.bmp,1
05005001.bmp,1
05005002.bmp,1
05005003.bmp,1
05005004.bmp,1
05005005.bmp,1
05005006.bmp,1
05005007.bmp,1
05005008.bmp,1
05005009.bmp,1
05005010.bmp,1
05005011.bmp,1
05005012.bmp,1
05005013.bmp,0
05005014.bmp,1
05005015.bmp,0
05006000.bmp,1
05006001.bmp,1
05006002.bmp,1
05006003.bmp,1
05006004.bmp,1
05006005.bmp,3
05006006.bmp,3
05006007.bmp,3
05006008.bmp,0
05006009.bmp,1
05006010.bmp,3
05006011.bmp,1
05006012.bmp,0
05006013.bmp,0
05006014.bmp,1
05006015.bmp,1
05007000.bmp,1
05007001.bmp,1
05007002.bmp,0
05007003.bmp,1
05007004.bmp,0
05007005.bmp,0
05007006.bmp,1
05007007.bmp,1
05007008.bmp,0
05007009.bmp,1
05007010.bmp,1
05007011.bmp,1
05007012.bmp,1
05007013.bmp,1
05007014.bmp,0
05007015.bmp,0
06000000.bmp,0
06000001.bmp,0
06000002.bmp,3
06000003.bmp,0
06000004.bmp,0
06000005.bmp,0
06000006.bmp,2
06000007.bmp,1
06000008.bmp,0
06000009.bmp,3
06000010.bmp,3
06000011.bmp,3
06000012.bmp,3
06000013.bmp,3
06000014.bmp,3
06000015.bmp,3
06001000.bmp,3
06001001.bmp,2
06001002.bmp,3
06001003.bmp,1
06001004.bmp,3
06001005.bmp,3
06001006.bmp,3
06001007.bmp,3
06001008.bmp,0
06001009.bmp,0
06001010.bmp,0
06001011.bmp,0
06001012.bmp,0
06001013.bmp,0
06001014.bmp,0
06001015.bmp,0
06002000.bmp,0
06002001.bmp,0
06002002.bmp,0
06002003.bmp,0
06002004.bmp,0
06002005.bmp,0
06002006.bmp,0
06002007.bmp,0
06002008.bmp,0
06002009.bmp,0
06002010.bmp,0
06002011.bmp,0
06002012.bmp,0
06002013.bmp,0
06002014.bmp,0
06002015.bmp,0
06003000.bmp,0
06003001.bmp,0
06003002.bmp,0
06003003.bmp,0
06003004.bmp,0
06003005.bmp,0
06003006.bmp,0
06003007.bmp,0
06003008.bmp,0
06003009.bmp,0
06003010.bmp,0
06003011.bmp,1
06003012.bmp,2
06003013.bmp,2
06003014.bmp,0
06003015.bmp,0
06004000.bmp,0
06004001.bmp,0
06004002.bmp,2
06004003.bmp,2
06004004.bmp,2
06004005.bmp,0
06004006.bmp,2
06004007.bmp,1
06004008.bmp,2
06004009.bmp,0
06004010.bmp,0
06004011.bmp,0
06004012.bmp,0
06004013.bmp,1
06004014.bmp,2
06004015.bmp,2
06005000.bmp,2
06005001.bmp,2
06005002.bmp,0
06005003.bmp,0
06005004.bmp,0
06005005.bmp,0
06005006.bmp,0
06005007.bmp,1
06005008.bmp,2
06005009.bmp,1
06005010.bmp,1
06005011.bmp,1
06005012.bmp,1
06005013.bmp,1
06005014.bmp,0
06005015.bmp,2
06006000.bmp,1
06006001.bmp,2
06006002.bmp,1
06006003.bmp,1
06006004.bmp,2
06006005.bmp,2
06006006.bmp,2
06006007.bmp,2
06006008.bmp,0
06006009.bmp,2
06006010.bmp,0
06006011.bmp,0
06006012.bmp,0
06006013.bmp,0
06006014.bmp,0
06006015.bmp,0
06007000.bmp,2
06007001.bmp,0
06007002.bmp,2
06007003.bmp,0
06007004.bmp,1
06007005.bmp,2
06007006.bmp,2
06007007.bmp,2
06007008.bmp,1
06007009.bmp,2
06007010.bmp,2
06007011.bmp,3
06007012.bmp,1
06007013.bmp,2
06007014.bmp,2
06007015.bmp,2
07000000.bmp,2
07000001.bmp,2
07000002.bmp,2
07000003.bmp,3
07000004.bmp,2
07000005.bmp,2
07000006.bmp,0
07000007.bmp,0
07000008.bmp,0
07000009.bmp,0
07000010.bmp,0
07000011.bmp,0
07000012.bmp,2
07000013.bmp,2
07000014.bmp,2
07000015.bmp,0
07001000.bmp,0
07001001.bmp,0
07001002.bmp,0
07001003.bmp,0
07001004.bmp,0
07001005.bmp,0
07001006.bmp,0
07001007.bmp,0
07001008.bmp,0
07001009.bmp,0
07001010.bmp,0
07001011.bmp,0
07001012.bmp,0
07001013.bmp,0
07001014.bmp,0
07001015.bmp,0
07002000.bmp,0
07002001.bmp,0
07002002.bmp,0
07002003.bmp,0
07002004.bmp,0
07002005.bmp,0
07002006.bmp,0
07002007.bmp,0
07002008.bmp,0
07002009.bmp,0
07002010.bmp,0
07002011.bmp,0
07002012.bmp,3
07002013.bmp,0
07002014.bmp,0
07002015.bmp,0
07003000.bmp,2
07003001.bmp,2
07003002.bmp,1
07003003.bmp,2
07003004.bmp,2
07003005.bmp,0
07003006.bmp,2
07003007.bmp,0
07003008.bmp,0
07003009.bmp,0
07003010.bmp,0
07003011.bmp,0
07003012.bmp,0
07003013.bmp,0
07003014.bmp,0
07003015.bmp,0
08000000.bmp,0
08000001.bmp,0
08000002.bmp,0
08000003.bmp,0
08000004.bmp,0
08000005.bmp,0
08000006.bmp,0
08000007.bmp,0
08000008.bmp,0
08000009.bmp,0
08000010.bmp,2
08000011.bmp,0
08000012.bmp,0
08000013.bmp,0
08000014.bmp,0
08000015.bmp,0
08001000.bmp,3
08001001.bmp,0
08001002.bmp,2
08001003.bmp,0
08001004.bmp,0
08001005.bmp,0
08001006.bmp,0
08001007.bmp,0
08001008.bmp,0
08001009.bmp,0
08001010.bmp,0
08001011.bmp,1
08001012.bmp,0
08001013.bmp,0
08001014.bmp,0
08001015.bmp,0
08002000.bmp,0
08002001.bmp,0
08002002.bmp,2
08002003.bmp,0
08002004.bmp,1
08002005.bmp,1
08002006.bmp,0
08002007.bmp,1
08002008.bmp,1
08002009.bmp,0
08002010.bmp,1
08002011.bmp,0
08002012.bmp,0
08002013.bmp,1
08002014.bmp,1
08002015.bmp,0
08003000.bmp,0
08003001.bmp,1
08003002.bmp,0
08003003.bmp,0
08003004.bmp,0
08003005.bmp,0
08003006.bmp,0
08003007.bmp,0
08003008.bmp,0
08003009.bmp,0
08003010.bmp,0
08003011.bmp,0
08003012.bmp,0
08003013.bmp,0
08003014.bmp,0
08003015.bmp,0
08004000.bmp,0
08004001.bmp,0
08004002.bmp,0
08004003.bmp,0
08004004.bmp,0
08004005.bmp,0
08004006.bmp,0
08004007.bmp,0
08004008.bmp,0
08004009.bmp,0
08004010.bmp,1
08004011.bmp,0
08004012.bmp,0
08004013.bmp,0
08004014.bmp,0
08004015.bmp,0
08005000.bmp,0
08005001.bmp,1
08005002.bmp,0
08005003.bmp,0
08005004.bmp,2
08005005.bmp,0
08005006.bmp,2
08005007.bmp,2
08005008.bmp,2
08005009.bmp,2
08005010.bmp,2
08005011.bmp,0
08005012.bmp,2
08005013.bmp,0
08005014.bmp,2
08005015.bmp,0
08006000.bmp,0
08006001.bmp,2
08006002.bmp,2
08006003.bmp,0
08006004.bmp,2
08006005.bmp,0
08006006.bmp,2
08006007.bmp,0
08006008.bmp,2
08006009.bmp,0
08006010.bmp,2
08006011.bmp,2
08006012.bmp,1
08006013.bmp,1
08006014.bmp,1
08006015.bmp,1
08007000.bmp,1
08007001.bmp,1
08007002.bmp,0
08007003.bmp,0
08007004.bmp,0
08007005.bmp,0
08007006.bmp,1
08007007.bmp,1
08007008.bmp,1
08007009.bmp,0
08007010.bmp,0
08007011.bmp,0
08007012.bmp,0
08007013.bmp,0
08007014.bmp,0
08007015.bmp,1
09000000.bmp,1
09000001.bmp,1
09000002.bmp,1
09000003.bmp,0
09000004.bmp,0
09000005.bmp,1
09000006.bmp,1
09000007.bmp,1
09000008.bmp,1
09000009.bmp,0
09000010.bmp,0
09000011.bmp,0
09000012.bmp,2
09000013.bmp,0
09000014.bmp,0
09000015.bmp,0
09001000.bmp,1
09001001.bmp,1
09001002.bmp,0
09001003.bmp,0
09001004.bmp,2
09001005.bmp,1
09001006.bmp,3
09001007.bmp,0
09001008.bmp,1
09001009.bmp,1
09001010.bmp,0
09001011.bmp,0
09001012.bmp,1
09001013.bmp,1
09001014.bmp,1
09001015.bmp,1
09002000.bmp,1
09002001.bmp,1
09002002.bmp,1
09002003.bmp,1
09002004.bmp,1
09002005.bmp,1
09002006.bmp,1
09002007.bmp,1
09002008.bmp,1
09002009.bmp,1
09002010.bmp,0
09002011.bmp,0
09002012.bmp,0
09002013.bmp,2
09002014.bmp,1
09002015.bmp,0
09003000.bmp,0
09003001.bmp,0
09003002.bmp,1
09003003.bmp,0
09003004.bmp,1
09003005.bmp,0
09003006.bmp,0
09003007.bmp,0
09003008.bmp,0
09003009.bmp,0
09003010.bmp,0
09003011.bmp,0
09003012.bmp,0
09003013.bmp,0
09003014.bmp,1
09003015.bmp,0
09004000.bmp,1
09004001.bmp,1
09004002.bmp,0
09004003.bmp,0
09004004.bmp,0
09004005.bmp,0
09004006.bmp,0
09004007.bmp,0
09004008.bmp,1
09004009.bmp,0
09004010.bmp,0
09004011.bmp,0
09004012.bmp,1
09004013.bmp,0
09004014.bmp,0
09004015.bmp,0
09005000.bmp,0
09005001.bmp,0
09005002.bmp,0
09005003.bmp,0
09005004.bmp,1
09005005.bmp,1
09005006.bmp,0
09005007.bmp,0
09005008.bmp,1
09005009.bmp,0
09005010.bmp,0
09005011.bmp,0
09005012.bmp,0
09005013.bmp,0
09005014.bmp,0
09005015.bmp,1
09006000.bmp,0
09006001.bmp,0
09006002.bmp,0
09006003.bmp,0
09006004.bmp,0
09006005.bmp,0
09006006.bmp,1
09006007.bmp,0
09006008.bmp,0
09006009.bmp,0
09006010.bmp,1
09006011.bmp,1
09006012.bmp,1
09006013.bmp,1
09006014.bmp,0
09006015.bmp,1
09007000.bmp,0
09007001.bmp,1
09007002.bmp,0
09007003.bmp,1
09007004.bmp,0
09007005.bmp,0
09007006.bmp,1
09007007.bmp,0
09007008.bmp,1
09007009.bmp,0
09007010.bmp,0
09007011.bmp,1
09007012.bmp,2
09007013.bmp,1
09007014.bmp,1
09007015.bmp,0
10000000.bmp,0
10000001.bmp,1
10000002.bmp,1
10000003.bmp,1
10000004.bmp,0
10000005.bmp,0
10000006.bmp,0
10000007.bmp,0
10000008.bmp,0
10000009.bmp,1
10000010.bmp,1
10000011.bmp,1
10000012.bmp,1
10000013.bmp,1
10000014.bmp,1
10000015.bmp,1
10001000.bmp,1
10001001.bmp,1
10001002.bmp,1
10001003.bmp,0
10001004.bmp,1
10001005.bmp,1
10001006.bmp,1
10001007.bmp,1
10001008.bmp,2
10001009.bmp,1
10001010.bmp,1
10001011.bmp,1
10001012.bmp,1
10001013.bmp,1
10001014.bmp,1
10001015.bmp,1
10002000.bmp,2
10002001.bmp,1
10002002.bmp,1
10002003.bmp,1
10002004.bmp,1
10002005.bmp,1
10002006.bmp,1
10002007.bmp,1
10002008.bmp,1
10002009.bmp,1
10002010.bmp,1
10002011.bmp,1
10002012.bmp,1
10002013.bmp,1
10002014.bmp,1
10002015.bmp,1
10003000.bmp,2
10003001.bmp,2
10003002.bmp,1
10003003.bmp,1
10003004.bmp,1
10003005.bmp,0
10003006.bmp,1
10003007.bmp,1
10003008.bmp,2
10003009.bmp,1
10003010.bmp,0
10003011.bmp,1
10003012.bmp,1
10003013.bmp,1
10003014.bmp,1
10003015.bmp,1
11000000.bmp,1
11000001.bmp,1
11000002.bmp,1
11000003.bmp,1
11000004.bmp,1
11000005.bmp,1
11000006.bmp,1
11000007.bmp,1
11000008.bmp,1
11000009.bmp,1
11000010.bmp,1
11000011.bmp,1
11000012.bmp,1
11000013.bmp,0
11000014.bmp,0
11000015.bmp,0
11001000.bmp,1
11001001.bmp,1
11001002.bmp,1
11001003.bmp,1
11001004.bmp,1
11001005.bmp,1
11001006.bmp,1
11001007.bmp,0
11001008.bmp,0
11001009.bmp,1
11001010.bmp,1
11001011.bmp,1
11001012.bmp,1
11001013.bmp,1
11001014.bmp,1
11001015.bmp,1
11002000.bmp,1
11002001.bmp,1
11002002.bmp,2
11002003.bmp,1
11002004.bmp,2
11002005.bmp,1
11002006.bmp,2
11002007.bmp,1
11002008.bmp,0
11002009.bmp,1
11002010.bmp,0
11002011.bmp,1
11002012.bmp,1
11002013.bmp,1
11002014.bmp,1
11002015.bmp,1
11003000.bmp,0
11003001.bmp,0
11003002.bmp,1
11003003.bmp,1
11003004.bmp,1
11003005.bmp,1
11003006.bmp,1
11003007.bmp,1
11003008.bmp,1
11003009.bmp,1
11003010.bmp,1
11003011.bmp,1
11003012.bmp,1
11003013.bmp,1
11003014.bmp,2
11003015.bmp,2
11004000.bmp,2
11004001.bmp,1
11004002.bmp,1
11004003.bmp,1
11004004.bmp,1
11004005.bmp,1
11004006.bmp,1
11004007.bmp,1
11004008.bmp,1
11004009.bmp,1
11004010.bmp,1
11004011.bmp,1
11004012.bmp,1
11004013.bmp,1
11004014.bmp,1
11004015.bmp,2
11005000.bmp,0
11005001.bmp,0
11005002.bmp,2
11005003.bmp,2
11005004.bmp,0
11005005.bmp,2
11005006.bmp,2
11005007.bmp,2
11005008.bmp,2
11005009.bmp,2
11005010.bmp,2
11005011.bmp,2
11005012.bmp,0
11005013.bmp,0
11005014.bmp,2
11005015.bmp,3
11006000.bmp,0
11006001.bmp,0
11006002.bmp,2
11006003.bmp,2
11006004.bmp,2
11006005.bmp,0
11006006.bmp,0
11006007.bmp,1
11006008.bmp,2
11006009.bmp,2
11006010.bmp,0
11006011.bmp,0
11006012.bmp,0
11006013.bmp,0
11006014.bmp,0
11006015.bmp,0
11007000.bmp,0
11007001.bmp,2
11007002.bmp,2
11007003.bmp,1
11007004.bmp,2
11007005.bmp,2
11007006.bmp,2
11007007.bmp,2
11007008.bmp,2
11007009.bmp,0
11007010.bmp,2
11007011.bmp,2
11007012.bmp,0
11007013.bmp,2
11007014.bmp,0
11007015.bmp,2
12000000.bmp,2
12000001.bmp,2
12000002.bmp,2
12000003.bmp,2
12000004.bmp,2
12000005.bmp,2
12000006.bmp,2
12000007.bmp,2
12000008.bmp,0
12000009.bmp,0
12000010.bmp,2
12000011.bmp,0
12000012.bmp,0
12000013.bmp,0
12000014.bmp,0
12000015.bmp,0
12001000.bmp,0
12001001.bmp,0
12001002.bmp,0
12001003.bmp,0
12001004.bmp,0
12001005.bmp,0
12001006.bmp,0
12001007.bmp,0
12001008.bmp,0
12001009.bmp,0
12001010.bmp,0
12001011.bmp,0
12001012.bmp,0
12001013.bmp,1
12001014.bmp,0
12001015.bmp,0
12002000.bmp,0
12002001.bmp,0
12002002.bmp,0
12002003.bmp,0
12002004.bmp,0
12002005.bmp,0
12002006.bmp,0
12002007.bmp,1
12002008.bmp,0
12002009.bmp,0
12002010.bmp,2
12002011.bmp,2
12002012.bmp,2
12002013.bmp,2
12002014.bmp,0
12002015.bmp,0
12003000.bmp,0
12003001.bmp,2
12003002.bmp,0
12003003.bmp,0
12003004.bmp,0
12003005.bmp,0
12003006.bmp,0
12003007.bmp,0
12003008.bmp,0
12003009.bmp,0
12003010.bmp,0
12003011.bmp,0
12003012.bmp,0
12003013.bmp,0
12003014.bmp,0
12003015.bmp,2
12004000.bmp,1
12004001.bmp,0
12004002.bmp,0
12004003.bmp,2
12004004.bmp,1
12004005.bmp,1
12004006.bmp,1
12004007.bmp,1
12004008.bmp,1
12004009.bmp,1
12004010.bmp,1
12004011.bmp,1
12004012.bmp,1
12004013.bmp,1
12004014.bmp,1
12004015.bmp,1
12005000.bmp,1
12005001.bmp,0
12005002.bmp,0
12005003.bmp,0
12005004.bmp,0
12005005.bmp,0
12005006.bmp,0
12005007.bmp,0
12005008.bmp,0
12005009.bmp,0
12005010.bmp,2
12005011.bmp,0
12005012.bmp,1
12005013.bmp,1
12005014.bmp,0
12005015.bmp,0
12006000.bmp,0
12006001.bmp,2
12006002.bmp,0
12006003.bmp,0
12006004.bmp,0
12006005.bmp,0
12006006.bmp,0
12006007.bmp,0
12006008.bmp,0
12006009.bmp,0
12006010.bmp,0
12006011.bmp,2
12006012.bmp,2
12006013.bmp,0
12006014.bmp,2
12006015.bmp,2
12007000.bmp,2
12007001.bmp,2
12007002.bmp,2
12007003.bmp,2
12007004.bmp,0
12007005.bmp,2
12007006.bmp,2
12007007.bmp,2
12007008.bmp,2
12007009.bmp,2
12007010.bmp,0
12007011.bmp,0
12007012.bmp,3
12007013.bmp,3
12007014.bmp,3
12007015.bmp,0
13000000.bmp,1
13000001.bmp,0
13000002.bmp,0
13000003.bmp,0
13000004.bmp,3
13000005.bmp,3
13000006.bmp,3
13000007.bmp,3
13000008.bmp,1
13000009.bmp,0
13000010.bmp,0
13000011.bmp,0
13000012.bmp,1
13000013.bmp,1
13000014.bmp,3
13000015.bmp,0
13001000.bmp,3
13001001.bmp,0
13001002.bmp,3
13001003.bmp,0
13001004.bmp,0
13001005.bmp,3
13001006.bmp,0
13001007.bmp,0
13001008.bmp,3
13001009.bmp,0
13001010.bmp,0
13001011.bmp,0
13001012.bmp,3
13001013.bmp,3
13001014.bmp,0
13001015.bmp,0
13002000.bmp,0
13002001.bmp,0
13002002.bmp,0
13002003.bmp,3
13002004.bmp,0
13002005.bmp,0
13002006.bmp,0
13002007.bmp,0
13002008.bmp,3
13002009.bmp,3
13002010.bmp,0
13002011.bmp,3
13002012.bmp,3
13002013.bmp,0
13002014.bmp,3
13002015.bmp,3
13003000.bmp,0
13003001.bmp,0
13003002.bmp,1
13003003.bmp,0
13003004.bmp,2
13003005.bmp,1
13003006.bmp,0
13003007.bmp,0
13003008.bmp,0
13003009.bmp,0
13003010.bmp,3
13003011.bmp,3
13003012.bmp,0
13003013.bmp,0
13003014.bmp,0
13003015.bmp,0
14000000.bmp,0
14000001.bmp,2
14000002.bmp,0
14000003.bmp,2
14000004.bmp,0
14000005.bmp,0
14000006.bmp,3
14000007.bmp,0
14000008.bmp,0
14000009.bmp,0
14000010.bmp,0
14000011.bmp,0
14000012.bmp,0
14000013.bmp,3
14000014.bmp,0
14000015.bmp,0
14001000.bmp,1
14001001.bmp,0
14001002.bmp,3
14001003.bmp,0
14001004.bmp,3
14001005.bmp,0
14001006.bmp,3
14001007.bmp,2
14001008.bmp,0
14001009.bmp,0
14001010.bmp,3
14001011.bmp,0
14001012.bmp,3
14001013.bmp,3
14001014.bmp,3
14001015.bmp,3
14002000.bmp,3
14002001.bmp,3
14002002.bmp,3
14002003.bmp,3
14002004.bmp,3
14002005.bmp,3
14002006.bmp,0
14002007.bmp,0
14002008.bmp,0
14002009.bmp,3
14002010.bmp,0
14002011.bmp,3
14002012.bmp,0
14002013.bmp,3
14002014.bmp,3
14002015.bmp,3
14003000.bmp,3
14003001.bmp,3
14003002.bmp,3
14003003.bmp,3
14003004.bmp,3
14003005.bmp,0
14003006.bmp,0
14003007.bmp,0
14003008.bmp,3
14003009.bmp,3
14003010.bmp,3
14003011.bmp,3
14003012.bmp,3
14003013.bmp,3
14003014.bmp,3
14003015.bmp,3
14004000.bmp,3
14004001.bmp,1
14004002.bmp,3
14004003.bmp,3
14004004.bmp,3
14004005.bmp,3
14004006.bmp,3
14004007.bmp,3
14004008.bmp,3
14004009.bmp,3
14004010.bmp,3
14004011.bmp,3
14004012.bmp,3
14004013.bmp,3
14004014.bmp,3
14004015.bmp,3
14005000.bmp,3
14005001.bmp,2
14005002.bmp,1
14005003.bmp,1
14005004.bmp,3
14005005.bmp,3
14005006.bmp,3
14005007.bmp,3
14005008.bmp,3
14005009.bmp,3
14005010.bmp,3
14005011.bmp,3
14005012.bmp,3
14005013.bmp,3
14005014.bmp,3
14005015.bmp,3
14006000.bmp,2
14006001.bmp,3
14006002.bmp,3
14006003.bmp,3
14006004.bmp,3
14006005.bmp,0
14006006.bmp,0
14006007.bmp,3
14006008.bmp,3
14006009.bmp,3
14006010.bmp,2
14006011.bmp,3
14006012.bmp,3
14006013.bmp,0
14006014.bmp,2
14006015.bmp,2
14007000.bmp,3
14007001.bmp,3
14007002.bmp,3
14007003.bmp,3
14007004.bmp,3
14007005.bmp,2
14007006.bmp,1
14007007.bmp,1
14007008.bmp,1
14007009.bmp,3
14007010.bmp,1
14007011.bmp,1
14007012.bmp,3
14007013.bmp,3
14007014.bmp,0
14007015.bmp,3
15000000.bmp,3
15000001.bmp,3
15000002.bmp,3
15000003.bmp,3
15000004.bmp,3
15000005.bmp,3
15000006.bmp,1
15000007.bmp,1
15000008.bmp,1
15000009.bmp,1
15000010.bmp,1
15000011.bmp,0
15000012.bmp,1
15000013.bmp,2
15000014.bmp,2
15000015.bmp,0
15001000.bmp,1
15001001.bmp,1
15001002.bmp,3
15001003.bmp,1
15001004.bmp,3
15001005.bmp,2
15001006.bmp,2
15001007.bmp,2
15001008.bmp,2
15001009.bmp,3
15001010.bmp,1
15001011.bmp,1
15001012.bmp,2
15001013.bmp,2
15001014.bmp,2
15001015.bmp,3
15002000.bmp,2
15002001.bmp,0
15002002.bmp,0
15002003.bmp,3
15002004.bmp,3
15002005.bmp,3
15002006.bmp,3
15002007.bmp,0
15002008.bmp,3
15002009.bmp,3
15002010.bmp,0
15002011.bmp,0
15002012.bmp,0
15002013.bmp,2
15002014.bmp,0
15002015.bmp,0
15003000.bmp,2
15003001.bmp,2
15003002.bmp,0
15003003.bmp,0
15003004.bmp,3
15003005.bmp,3
15003006.bmp,3
15003007.bmp,0
15003008.bmp,3
15003009.bmp,1
15003010.bmp,1
15003011.bmp,3
15003012.bmp,3
15003013.bmp,1
15003014.bmp,1
15003015.bmp,1
15004000.bmp,3
15004001.bmp,3
15004002.bmp,3
15004003.bmp,0
15004004.bmp,3
15004005.bmp,3
15004006.bmp,3
15004007.bmp,3
15004008.bmp,3
15004009.bmp,0
15004010.bmp,3
15004011.bmp,3
15004012.bmp,3
15004013.bmp,3
15004014.bmp,3
15004015.bmp,3
15005000.bmp,3
15005001.bmp,3
15005002.bmp,1
15005003.bmp,3
15005004.bmp,3
15005005.bmp,3
15005006.bmp,3
15005007.bmp,3
15005008.bmp,3
15005009.bmp,3
15005010.bmp,3
15005011.bmp,3
15005012.bmp,3
15005013.bmp,3
15005014.bmp,3
15005015.bmp,3
15006000.bmp,3
15006001.bmp,3
15006002.bmp,3
15006003.bmp,3
15006004.bmp,3
15006005.bmp,3
15006006.bmp,3
15006007.bmp,3
15006008.bmp,0
15006009.bmp,0
15006010.bmp,3
15006011.bmp,3
15006012.bmp,3
15006013.bmp,3
15006014.bmp,3
15006015.bmp,3
15007000.bmp,0
15007001.bmp,0
15007002.bmp,3
15007003.bmp,3
15007004.bmp,1
15007005.bmp,1
15007006.bmp,1
15007007.bmp,3
15007008.bmp,3
15007009.bmp,0
15007010.bmp,3
15007011.bmp,2
15007012.bmp,3
15007013.bmp,3
15007014.bmp,2
15007015.bmp,2
16000000.bmp,0
16000001.bmp,2
16000002.bmp,2
16000003.bmp,2
16000004.bmp,3
16000005.bmp,3
16000006.bmp,3
16000007.bmp,3
16000008.bmp,3
16000009.bmp,3
16000010.bmp,0
16000011.bmp,0
16000012.bmp,3
16000013.bmp,3
16000014.bmp,3
16000015.bmp,3
16001000.bmp,3
16001001.bmp,3
16001002.bmp,3
16001003.bmp,3
16001004.bmp,3
16001005.bmp,0
16001006.bmp,3
16001007.bmp,0
16001008.bmp,3
16001009.bmp,3
16001010.bmp,2
16001011.bmp,2
16001012.bmp,0
16001013.bmp,3
16001014.bmp,3
16001015.bmp,3
16002000.bmp,3
16002001.bmp,3
16002002.bmp,3
16002003.bmp,3
16002004.bmp,3
16002005.bmp,3
16002006.bmp,3
16002007.bmp,3
16002008.bmp,3
16002009.bmp,3
16002010.bmp,3
16002011.bmp,3
16002012.bmp,3
16002013.bmp,3
16002014.bmp,3
16002015.bmp,3
16003000.bmp,3
16003001.bmp,3
16003002.bmp,2
16003003.bmp,2
16003004.bmp,0
16003005.bmp,2
16003006.bmp,2
16003007.bmp,1
16003008.bmp,1
16003009.bmp,2
16003010.bmp,1
16003011.bmp,1
16003012.bmp,0
16003013.bmp,1
16003014.bmp,1
16003015.bmp,0
